date,cumulative_Evaporation,average_soilTemperatureLevel,cumulative_Sub-surfaceRunoff,average_TemperatureOfSnowLayer,average_SnowDepth,average_VolumetricSoilWaterLayer,cumulative_precipitation,OT
2015/3/22,-0.0143483965657651,278.74424150254987,0.0103101134300231,272.9436310662164,0.0004785193337334,0.3472492259590782,0.0434174537658691,-0.5684992341679866
2015/4/3,-0.0199314490891993,280.5447625054253,0.0093278884887695,272.9568540785048,0.0001163250870174,0.3722272663661796,0.0438652038574218,-0.8999907452814455
2015/4/15,-0.0253547593019902,281.3359493679471,0.0086244344711303,272.82781012852985,2.572602695888943e-05,0.3151263910112902,0.0071568489074707,0.2976457995207258
2015/4/27,-0.0236518625169992,283.77693430582684,0.007564902305603,273.135732014974,1.25832027859158e-07,0.2997187371107025,0.0476117134094238,2.3264832171136174
2015/5/9,-0.0254967724904418,286.4004211425781,0.0064601600170135,273.14957767062714,0.0,0.3436049634150953,0.0252118110656738,2.368872780204057
2015/5/21,-0.033227554988116,288.5212148030599,0.0054625272750854,273.14086659749347,0.0,0.3283308629130866,0.0751295089721679,4.730821267952828
2015/6/2,-0.0349244026001542,286.8157153659397,0.0047674179077148,273.14335293240015,0.000153405798806,0.3708623976627778,0.0449280738830566,3.602846390821374
2015/6/14,-0.0407841480337083,292.15769026014533,0.0041899681091308,273.12357330322266,0.0,0.3060759834350189,0.0569472312927246,1.5722455648478464
2015/6/26,-0.0410306970588862,289.64093102349176,0.0037426948547363,273.1438242594401,0.0,0.3841481844428926,0.0768060684204101,0.0949489382841903
2015/7/8,-0.0433935031760484,294.0373840332031,0.0034364461898803,273.1030527750651,0.0,0.3117001644827218,0.0228652954101562,-1.2609904645350392
2015/7/20,-0.046216988004744,294.8279257880317,0.0030921697616577,273.08651394314234,0.0,0.3024842039966542,0.015566349029541,-0.9363911861988596
2015/8/1,-0.0424361892510205,294.3096788194445,0.0027614831924438,273.0934965345594,0.0,0.3287224137845138,0.0582442283630371,-1.0282647503283824
2015/8/13,-0.0439733965322375,294.615007188585,0.0025087594985961,273.01948801676434,0.0,0.303888221245466,0.0110573768615722,-2.5952175118356515
2015/8/25,-0.0342215842101722,291.1649305555556,0.0022538900375366,273.045044793023,0.0,0.3658011737150244,0.092628002166748,-2.926432714720113
2015/9/6,-0.0370336591731756,291.52753872341583,0.0021165609359741,273.1276440090604,0.0,0.3269090861884049,0.0230369567871093,-2.73605660011708
2015/9/18,-0.0239125413354486,288.4755918714735,0.001978576183319,273.12047068278,0.0,0.3441937871070371,0.0757975578308105,-2.425398371111278
2015/9/30,-0.0216017432976514,286.4242138332791,0.0019109845161437,273.1182149251302,0.0,0.3615353116894969,0.0296015739440917,-1.2299236478824307
2015/10/12,-0.0157834459096193,285.76313442654083,0.001881718635559,273.128040737576,0.0,0.389569237582489,0.0570182800292968,0.67057012358211
2015/10/24,-0.0138530516996979,282.294175889757,0.0028395056724548,273.13483344184027,7.377730475531683e-06,0.3926125420257449,0.0845913887023925,-0.2914866748293234
2015/11/5,-0.0112606871407479,281.07395002577044,0.0034818649291992,273.1279446283976,0.0,0.3741080799372867,0.0390329360961914,2.27845641845598
2015/11/17,-0.0080017549917101,280.676027086046,0.0045127868652343,272.93791368272565,0.0,0.341190905129123,4.0531158447265625e-05,1.3297911435667586
2015/11/29,-0.0053882708307355,276.15986209445526,0.0048032999038696,271.41220394770306,9.647342893812392e-05,0.3562523861829605,0.0191388130187988,1.0464535471389182
2015/12/23,-0.0059543089009821,274.4729817708333,0.0095759630203247,272.13604532347784,0.0002536310089959,0.3440434310994331,0.0002589225769042,1.2759202557666178
2016/1/4,-0.0024954117834568,273.6283340454101,0.0047045648097991,271.6098271475898,0.0009594029850429,0.3345784065442987,0.0149507522583007,2.1584110852388183
2016/1/16,-0.0033145323395729,275.148799472385,0.0046658217906951,270.2915158801609,0.0018642379177941,0.3681465955839181,0.0333056449890136,1.819116229122556
2016/1/28,-0.0042713214643299,273.67658323711817,0.0046318471431732,270.73472854826184,0.0004046625561184,0.3495181310766687,6.055831909179688e-05,1.6597910021369089
2016/2/9,-0.0042341155931353,276.1749649047852,0.0048125982284545,272.2728936407301,0.0014287763171725,0.3565383948249898,0.0755176544189453,-0.808099494784321
2016/2/21,-0.0089803601149469,276.4664459228516,0.0057704746723175,271.22931914859345,0.003171788321601,0.399020077511927,0.0555734634399414,0.0068477798650081
2016/3/4,-0.0095554448198527,277.3645324707031,0.0114853978157043,272.2460896174113,0.0032198263539208,0.3930827670135638,0.129279613494873,1.8917412248065304
2016/3/16,-0.0120213560294359,277.0787302652995,0.024289846420288,271.6158810721504,0.0035039219591352,0.384886948340055,0.0777978897094726,2.712689382930004
2016/3/28,-0.0178179736249148,279.72544436984595,0.0232899188995361,272.40584039688105,0.0004244214958614,0.3398600409402408,0.0081582069396972,-0.0994110824921516
2016/4/9,-0.0205428544431924,283.80754682752814,0.0180702209472656,273.04462602403424,0.0002515316009521,0.3232395960949361,0.0268239974975585,-2.239456295437484
2016/4/21,-0.0266641457565128,284.1036877102322,0.0132756829261779,273.1389161215888,0.0,0.3392217130684811,0.0209021568298339,-3.995643871756181
2016/5/3,-0.0271379963960498,282.21967993842225,0.0099065899848937,272.8939248190986,0.0002288884586758,0.3593786631891917,0.0470867156982421,-3.430660771363584
2016/5/15,-0.0282260018866509,284.87384457058374,0.0076988935470581,273.1524305343628,0.0,0.3633948734366438,0.1081342697143554,-2.4307176289851498
2016/5/27,-0.0373364163096994,285.9727732340495,0.0069743990898132,273.1467632717556,0.0,0.3861261000080654,0.0680489540100097,-2.0779395575903266
2016/6/8,-0.0377649967558681,288.4365853203668,0.0068691372871398,273.1409615410698,0.0,0.4026076920304655,0.1219334602355957,-1.827072764014801
2016/7/14,-0.1324189035221934,291.6537277786821,0.0286742448806762,273.1469328138563,0.0,0.3702861649648252,0.1754050254821777,-2.8267162222351168
2016/7/26,-0.0479512005113065,292.49655151367193,0.0086735486984252,273.06576453314887,0.0,0.33183314710752,0.0218029022216796,-3.222144357019019
2016/8/7,-0.0422450955957174,292.373402065701,0.0076851844787597,273.06052907307946,0.0,0.3538570773477356,0.046356201171875,-3.231322130119004
2016/8/19,-0.0384238073602318,291.2904230753581,0.006649374961853,273.0936559041341,0.0,0.3499464367964214,0.0545253753662109,-1.2928705570611037
2016/8/31,-0.0381215931847691,292.0378850301107,0.0057913661003112,273.11452229817706,0.0,0.3484469179400347,0.0610594749450683,-2.1210635012907773
2016/9/12,-0.0330010973848402,291.29413604736334,0.0051028728485107,273.059937371148,0.0,0.3141313719946386,0.0146217346191406,-2.4210991924210816
2016/9/24,-0.024485807865858,288.40574730767145,0.0045762062072753,273.0887468126085,0.0,0.3634130987597423,0.0667257308959961,-0.8852486806772362
2016/9/30,-0.0107210765127092,286.95370992024743,0.002158761024475,273.1170959472656,0.0,0.3390329423063021,0.0014033317565917,1.8779043173899763
2016/10/6,-0.0104442075826227,285.1272786458333,0.0020945072174072,273.0995291603936,0.0,0.3350393520409448,0.019629955291748,4.1697684156210215
2016/10/18,-0.0138087184168398,282.2699864705404,0.0040630102157592,273.0434082349141,0.0,0.3705461028859846,0.0868740081787109,2.48710803977
2016/10/30,-0.0105742681771516,282.6763017442492,0.0040905475616455,273.1142065789964,0.0,0.3811975647089032,0.0249929428100585,0.1386324538677215
2016/11/11,-0.0073703038506209,279.57295057508685,0.0042257905006408,272.7194010416667,6.0068236456977e-05,0.3791915234954406,0.0474524497985839,1.0809589036048235
2016/11/23,-0.0046925314236432,278.1665513780381,0.0046498179435729,272.4154509438409,0.0001959337128533,0.3788617986332004,0.0184192657470703,4.841819118207773
2016/12/5,-0.0047152529004961,277.2806125217014,0.0054073929786682,272.4236543443468,9.649329715304904e-06,0.3860115539023859,0.0222511291503906,7.767760077095239
2016/12/17,-0.0023533911444246,271.8958502875434,0.0063351392745971,272.44180059432983,0.0,0.3522647617307181,9.5367431640625e-07,8.657317651424016
2016/12/29,-0.0031283837743103,274.2658487955729,0.0066121518611907,271.688687324524,0.0007460216681162,0.3401832494160366,0.001476764678955,7.462630240410014
2017/1/10,-0.0032039938960224,272.2496158281962,0.006579041481018,267.0914895269605,0.0007677541838751,0.3281086858154999,0.0016980171203613,5.7744989909233055
2017/2/3,-0.007147321710363,272.5808825492859,0.0126453042030334,266.0587099923028,0.0043316202031241,0.3299927900661714,0.0265908241271972,2.7380269727815403
2017/2/15,-0.0053303388413041,275.6732932196723,0.0059882402420043,271.8612882826064,0.0064001580079396,0.3929669010556406,0.0440731048583984,3.2363006033751702
2017/2/27,-0.008696159813553,276.95156521267364,0.0059215426445007,270.79432492785986,0.0023797518677181,0.3802107050497499,0.0088553428649902,-1.0149821090451638
2017/3/11,-0.0131501238793134,278.5128928290473,0.0059713125228881,272.55328294965955,0.0009679363833533,0.3885414270140851,0.0523014068603515,-1.885540320736112
2017/3/17,-0.0084255002439022,279.6298963758681,0.0030831694602966,273.12472523583307,0.0,0.3346216588332835,4.291534423828125e-06,-2.212153029193516
2017/3/23,-0.0073295806068927,282.40268961588544,0.0030446648597717,273.10772535536023,0.0,0.3289092770622422,0.0169224739074707,-2.086080283055381
2017/3/29,-0.0114854674320667,282.1073133680556,0.0030137002468109,273.09692043728296,1.5172693464491102e-05,0.371102270256314,0.0149893760681152,-3.3500174921647243
2017/4/4,-0.0126301369164139,283.52968512641064,0.0029616355895996,273.1428968641493,0.0,0.3415549751371145,0.009765625,-4.971052992442907
2017/4/10,-0.0124485099222511,283.30665079752606,0.0028995275497436,273.1009233262804,0.0,0.3677978179572771,0.0194878578186035,-4.7799379196499245
2017/4/16,-0.0129603196401149,284.7782626681858,0.0028311014175415,273.1339857313368,0.0,0.3733882835238344,0.0428328514099121,-2.8801382495978345
2017/4/22,-0.0150513150729238,279.820793999566,0.0027685165405273,272.63491259680853,9.995698928833008e-05,0.3720701450688972,0.0062489509582519,-2.73163892964655
2017/4/28,-0.0088924679439514,282.3465881347656,0.0027204155921936,273.1397933959961,2.960364023844401e-06,0.3804684801078919,0.0671977996826171,-3.9935629655654736
2017/5/4,-0.0148199647665023,281.67539638943146,0.0028137564659118,272.9558169047038,4.0279494391547305e-05,0.3945062866486195,0.0342569351196289,-4.403501799728701
2017/5/10,-0.0144259990192949,283.86252848307294,0.0031571984291076,273.1473002963596,0.0,0.399660727293748,0.0304551124572753,-6.169303761842656
2017/5/16,-0.0179110718891024,286.92182074652777,0.0036801099777221,273.1476491292318,0.0,0.3847373000397864,0.0174288749694824,-6.38912268465748
2017/5/22,-0.0179929018486291,287.4941626654731,0.0039005279541015,273.1338331434462,0.0,0.3673247146523661,0.0190787315368652,-3.2936980006424506
2017/5/28,-0.0200968508142977,289.2747921413846,0.0038341879844665,273.1203375922309,0.0,0.3417812818661332,0.0048632621765136,-2.876934259451616
2017/6/3,-0.0215418173465877,291.249274359809,0.0036830306053161,273.08698187934027,0.0,0.2972390281502157,0.0042657852172851,-0.5583844003236607
2017/6/9,-0.0216163096483796,289.465091281467,0.0035492181777954,273.129633585612,0.0,0.3785821404825482,0.0530128479003906,1.8771087017086645
2017/6/15,-0.0211095195263624,291.87332831488715,0.0034067630767822,273.0958692762587,0.0,0.3363044624889477,0.0139551162719726,3.346323214350406
2017/6/21,-0.023363264510408,292.6259986029731,0.0032539367675781,273.100084092882,0.0,0.3371147895231843,0.0095267295837402,3.3419083914466228
2017/6/27,-0.0217420102562755,293.9627838134766,0.0030727386474609,273.0767550998264,0.0,0.3388061627435187,0.0451569557189941,2.267659000817474
2017/7/3,-0.0216611584182828,290.2435133192274,0.0030224323272705,273.0526190863715,0.0,0.3899717839020821,0.0674829483032226,3.151160778014656
2017/7/9,-0.0250425396952778,293.6872745090061,0.002831220626831,273.01633707682294,0.0,0.340424501673422,0.0277585983276367,3.1270864087184123
2017/7/15,-0.0225692365784198,292.83505927191845,0.0026872158050537,273.0885721842448,0.0,0.3784813424313648,0.0312123298645019,3.371547372154822
2017/7/21,-0.0247321908827871,292.30597432454425,0.0025389194488525,273.0705685085721,0.0,0.3321482801499466,0.0022954940795898,2.5742178256822683
2017/7/27,-0.0224544645752757,291.70293172200525,0.002427339553833,273.08465406629773,0.0,0.3635457010887977,0.0380244255065918,4.068816372613355
2017/8/2,-0.0239886518102139,294.00675286187067,0.0023128986358642,272.99164157443573,0.0,0.3289311354876392,0.0052003860473632,4.293667082439299
2017/8/8,-0.0232696365565061,295.3197292751736,0.0021753311157226,273.02525838216144,0.0,0.3115531336774842,0.019667625427246,3.291910214326208
2017/8/14,-0.0207986813038587,291.4477708604601,0.0020755529403686,273.1285976833768,0.0,0.3881826627637363,0.0967645645141601,0.9501749157944062
2017/8/20,-0.0219504369888454,292.5809088812934,0.0020103454589843,273.0622033013238,0.0,0.3568183692534351,0.0198745727539062,2.1742368191693515
2017/8/26,-0.0175326482858508,291.272722032335,0.0019147396087646,273.0595075819228,0.0,0.3325609151118745,0.0046615600585937,0.525084551760159
2017/9/1,-0.0179228640627115,292.6734195285373,0.0018388032913208,272.99081081814234,0.0,0.330662391665909,0.0619826316833496,2.613033845426969
2017/9/7,-0.0157020774204283,289.1038224962022,0.0017793774604797,273.14774237738715,0.0,0.3898916314614729,0.0227918624877929,2.887149544102215
2017/9/13,-0.0104551955591887,288.2571411132812,0.0044877529144287,273.1064741346571,0.0,0.4085084087629285,0.1147518157958984,0.8235237719591737
2017/9/19,-0.0108015500009059,285.7957119411892,0.002573013305664,273.0832696490817,0.0,0.3998549321873321,0.0320281982421875,-0.7595117018799442
2017/9/25,-0.0126896447036415,285.14137776692706,0.0031722784042358,273.1321309407552,0.0,0.3854272813898407,0.0182952880859375,-2.0780849543600084
2017/10/1,-0.0091362858656793,285.90362040201825,0.0035136938095092,273.1555616590712,0.0,0.3665362676191661,0.0055241584777832,-3.5475557482122326
2017/10/7,-0.0092391383368521,284.9054938422309,0.0037036538124084,273.1103347142537,0.0,0.3619879841959725,0.0049357414245605,-2.954259839095528
2017/10/13,-0.0085457796230912,284.63709343804254,0.003783643245697,273.09400431315106,0.0,0.3369729585117764,0.0002961158752441,-3.340196166188832
2017/10/19,-0.0080663200933486,283.6580522325304,0.0037626028060913,272.889897664388,0.0,0.3202252198890266,0.0,-3.845163988193576
2017/10/25,-0.0065778929274529,282.138661702474,0.0037111043930053,273.069091796875,0.0,0.3306164183757371,0.0067009925842285,-2.0688161523744384
2017/10/31,-0.0058076239656656,280.9166242811415,0.0036537647247314,273.06101915571423,0.0,0.3118414944603702,0.0001039505004882,-0.1730857465117878
2017/11/6,-0.0040429618675261,280.0499504937066,0.0035664439201354,273.12381903330487,0.0003947019577026,0.3315057897416409,0.0697922706604003,-0.7408889955672748
2017/11/12,-0.0039019847754389,278.75571695963544,0.0037342309951782,272.30013412899444,0.0024979909261067,0.4034407200977309,0.0323848724365234,-2.6146838848723064
2017/11/18,-0.0041520518716424,276.82189771864154,0.0043075680732727,270.22957420349127,0.0026805996894836,0.392430924422418,0.0107436180114746,-3.2764748449840795
2017/11/24,-0.0025649438612163,276.2456919352214,0.0048386454582214,272.5234651565551,0.000151170624627,0.3671842830048666,1.33514404296875e-05,-2.7217235326405103
2017/11/30,-0.0024300599470734,275.4930775960286,0.005199909210205,271.63019201490613,0.0011006792386372,0.3743731749968397,0.0150108337402343,-4.291798623246336
2017/12/6,-0.0023376485332846,273.7644755045573,0.0052913427352905,269.9936106999715,0.0008101397090488,0.3582768428346348,0.0013279914855957,-4.949581152786664
2017/12/12,-0.0013890732079744,274.01852077907984,0.0060435235500335,270.4623318778144,0.0018186039394802,0.3760292834291855,0.0789194107055664,-2.522149398347153
2017/12/24,-0.0038123009726405,274.1327404446072,0.0130768418312072,270.65768824683295,0.0004363656044006,0.3748041208988677,0.0025825500488281,-6.137345475451639
2017/12/30,-0.0014594723470509,275.01285637749567,0.0073027610778808,271.0873688591851,0.0066313743591308,0.3819612372252676,0.0447468757629394,-2.718141588936533
2018/1/5,-0.0019253965001553,274.9431576199002,0.0077285766601562,269.780940161811,0.0055681798193189,0.3806242843727685,0.0078768730163574,0.6261191055526183
2018/1/11,-0.0015785596333444,277.46766662597656,0.0079890489578247,272.091786702474,0.0041710668139987,0.3956661381655269,0.0404715538024902,1.000384769318714
2018/1/17,-0.0024239618796855,275.32763163248694,0.0085717439651489,269.6129941940308,0.0042284064822726,0.3808079972966677,0.0027399063110351,-0.1120978214095771
2018/1/23,-0.0029746866784989,275.1345333523221,0.0086027383804321,270.2635703616672,0.0005961987707349,0.3627824695366952,0.0039052963256835,2.386089320139945
2018/1/29,-0.0019619399681687,275.7736324734158,0.0084596872329711,269.9789161682129,0.0053308473692999,0.3663620743156772,0.0002117156982421,1.2126447312259645
2018/2/4,-0.0017088283784687,274.9634755452474,0.0082321763038635,270.160108672248,0.0098059044943915,0.3891204386794318,0.0211033821105957,5.273735082116616
2018/2/10,-0.0022258856333792,275.234851413303,0.0080587565898895,270.39129130045575,0.0154901411798265,0.3919067429378629,0.0155210494995117,7.509976479142438
2018/2/16,-0.0021059445571154,273.8735182020399,0.0079718828201293,267.1842386457655,0.0291218823856777,0.3869420116663807,0.0068230628967285,9.751696883206364
2018/2/22,-0.0022283212747424,273.9985131157769,0.0078757405281066,271.106179661221,0.0398864216274685,0.3925705041425923,0.011176586151123,8.026141229374048
2018/2/28,-0.0028551050927489,273.6307271321615,0.0076945722103118,266.6279517279731,0.0542726847860548,0.3869782807564156,0.0110034942626953,9.4267302707608
2018/3/6,-0.0009501720778644,272.9753587510851,0.0075877904891967,271.47488943735755,0.0650693972905477,0.389865232967875,0.0219244956970214,8.114862562925964
2018/3/12,-0.0029106133151799,275.75661044650604,0.0089253187179565,272.43986225128174,0.0523589717017279,0.4105743708140734,0.0375294685363769,6.5740757528710105
2018/3/18,-0.0057542740833014,277.73738776312933,0.0116525888442993,273.07038031684027,0.0256101224157545,0.4115030054882583,0.0474076271057128,-1.0437345488521146
2018/3/24,-0.007249912014231,276.03747219509546,0.014732003211975,270.9483360714383,0.0078328582975599,0.3856726536113355,0.0122733116149902,-1.625681568141431
2018/3/30,-0.0083690546452999,279.4428202311198,0.0145482420921325,272.9178721110026,3.235207663642035e-05,0.3660538927910643,0.03076171875,4.292600351327337
2018/4/5,-0.0102377871517091,280.7645789252387,0.0138072371482849,273.1498819986979,0.0,0.4025848705528511,0.028975486755371,7.828604733117061
2018/4/11,-0.0106134752277284,282.479251437717,0.0131363868713378,273.1313781738282,6.62472512986925e-05,0.3860997751406911,0.0300068855285644,-0.0327616002152808
2018/4/17,-0.0128769029397517,283.7100762261285,0.0125357508659362,272.98822699652777,0.000536110666063,0.4072821680197699,0.053713321685791,-0.6924861088223224
2018/4/23,-0.0180832205805927,287.3393809000651,0.0122187137603759,273.15500047471784,0.0,0.3514211548285351,0.0033521652221679,-5.526164296076104
2018/4/29,-0.0162376817315816,288.10890706380206,0.0113060474395751,273.1596934000651,0.0,0.3255055187942667,0.0298261642456054,-5.735279838008751
2018/5/5,-0.0139900222420692,286.37650214301215,0.0102285146713256,273.14162868923614,0.0,0.4024580032564699,0.0591692924499511,-7.582182042743511
2018/5/11,-0.0188265608157962,288.412601047092,0.0095072984695434,273.1521572536892,0.0,0.3923568149459445,0.0273137092590332,-6.867329022712056
2018/5/17,-0.0149459121748805,285.98491753472223,0.0098732411861419,273.146731906467,0.0,0.413176258172219,0.0775036811828613,-8.66002828367209
2018/5/23,-0.018223212333396,287.1975741916233,0.0117686986923217,273.1471879747179,0.0,0.3943759596699642,0.0339975357055664,-10.07495378796898
2018/5/29,-0.0211227838881313,290.40469699435766,0.0123459100723266,273.15375434027777,0.0,0.3944350759395295,0.0394725799560546,-9.367105713792055
2018/6/4,-0.0222781999036669,291.19664171006946,0.0115721225738525,273.15677558051215,0.0,0.3831641236578839,0.0215892791748046,-6.831625809543766
2018/6/10,-0.0218591722659766,291.1789737277561,0.0103310346603393,273.130357530382,0.0,0.391268277768783,0.0376992225646972,-4.502053703773981
2018/6/16,-0.0206766531337052,291.10162014431427,0.0093138217926025,273.1562313503689,0.0,0.3802365515277617,0.0294766426086425,-4.167112818062492
2018/6/22,-0.023171373642981,292.41880459255646,0.008376121520996,273.1287604437934,0.0,0.3481502581853419,0.039158821105957,-5.797073929316753
2018/6/28,-0.0216554247308522,289.61491224500867,0.0075510144233703,273.14537217881946,0.0,0.3739127904280193,0.0194044113159179,-1.2328104366011985
2018/7/4,-0.0215534914750605,292.94216749403205,0.0067858695983886,273.14055040147565,0.0,0.3395648170521276,0.0166053771972656,0.6077984039349076
2018/7/10,-0.0222332107368856,292.2167053222656,0.0061298608779907,273.10187276204425,0.0,0.3430179241113364,0.019533634185791,2.7167576975756447
2018/7/16,-0.0189311213325709,292.10497029622394,0.0055501461029052,273.11849975585943,0.0,0.3848738234955817,0.0437774658203125,3.999861566838149
2018/7/22,-0.0244678370654582,292.9189097086589,0.0050559043884277,273.0677117241753,0.0,0.3644787549144692,0.0443367958068847,7.565947223847729
2018/7/28,-0.023119292454794,293.4851599799262,0.0046725273132324,273.0544196234809,0.0,0.3746438607470029,0.0251154899597167,5.413629645406104
2018/8/3,-0.0227516866289079,295.09778849283856,0.0043668746948242,272.96800910102,0.0,0.3449104221589449,0.0149240493774414,4.380026053443089
2018/8/9,-0.0217428903561085,295.07283189561633,0.0040886402130126,272.9615681966146,0.0,0.3277873676528947,0.0091495513916015,4.946545365274915
2018/8/15,-0.0198961233254522,292.8635847303603,0.0038473606109619,272.99772983127167,0.0,0.3476628575008362,0.0235562324523925,5.807193193844228
2018/8/21,-0.0206934043671935,293.1703643798828,0.0036096572875976,273.0363532172309,0.0,0.3164404818995131,0.0045385360717773,4.646133747512749
2018/8/27,-0.0192479987163096,291.5474497477213,0.0033797025680541,273.0568678114149,0.0,0.353332916271433,0.0745549201965332,5.628733931849638
2018/9/2,-0.0161053410265594,290.02314927842883,0.003192663192749,273.07921346028644,0.0,0.3828355344529781,0.0472750663757324,3.2296447229506384
2018/9/8,-0.0154571789316833,289.71100362141925,0.0030961036682128,273.1281975640191,0.0,0.3808902471274551,0.0140495300292968,2.1301565583029287
2018/9/14,-0.0154667522292584,291.49249267578125,0.0029947757720947,273.114017062717,0.0,0.3450840080622583,0.0161089897155761,1.6927414517572288
2018/9/20,-0.0144550048280507,291.25238376193573,0.002886950969696,273.14176771375867,0.0,0.3650605897677855,0.0186147689819335,-0.7368043649696574
2018/9/26,-0.0123939835466444,288.59041510687933,0.0027779340744018,273.093507554796,0.0,0.3446329484641965,0.0075106620788574,-2.512554719346668
2018/10/2,-0.0112975181546062,285.186516655816,0.0026696622371673,273.0381842719184,0.0,0.3245896211721831,0.0115680694580078,-0.6438935078224404
2018/10/8,-0.0095153877045959,285.3183983696832,0.0025651156902313,273.0484873453776,0.0,0.3350834334010465,0.0067553520202636,-1.9219521455809168
2018/10/14,-0.0085635492578148,286.125500149197,0.0024728775024414,273.13243781195746,0.0,0.3417408587411046,0.0065817832946777,-0.1283944839135529
2018/10/20,-0.0064608929678797,285.4256540934245,0.0023928880691528,273.0665503607856,0.0,0.326750470428831,0.0021662712097167,1.9426040461127057
2018/10/26,-0.0065225816797465,283.8529917399089,0.0023181438446044,273.0659586588542,0.0,0.3165223079267889,0.0034413337707519,3.2693585863900125
2018/11/1,-0.0026525214780122,283.709479437934,0.0061976313591003,273.1348826090495,0.0,0.4145503754003181,0.2051515579223632,0.3470575035371439
2018/11/7,-0.004944500979036,284.61319647894965,0.0044736266136169,273.144292195638,0.0,0.4143560459423396,0.0612072944641113,-4.196604995784128
2018/11/13,-0.0036360004451125,283.4066280788846,0.0066465139389038,273.1297454833984,0.0,0.382472587749362,0.0013465881347656,-4.963637477275256
2018/11/19,-0.0035334140993654,277.9879031711154,0.0077094435691833,272.2121696472168,9.528795878092448e-05,0.3520284128737532,0.0010256767272949,-2.847298080572159
2018/11/25,-0.0024376660585403,277.72893608940973,0.0077836513519287,271.8664497799344,0.0020200411478678,0.3811564891236937,0.0357794761657714,-6.197212369718386
2018/12/1,-0.0030239545740187,275.89590793185766,0.0078458786010742,272.1353542539809,0.0,0.3783751458136571,0.0014257431030273,-2.9560950404306823
2018/12/7,-0.0022156285122036,276.43091837565106,0.0079125165939331,272.58314853244354,2.2179550594753688e-05,0.3707690852332033,0.0063061714172363,-7.555785932666254
2018/12/13,-0.0027156055439263,275.2742614746094,0.0077600479125976,271.42284891340466,8.936060799492728e-05,0.3608429185890903,0.0011467933654785,-4.358892418745086
2018/12/19,-0.0015286216512322,273.1823289659288,0.0075176954269409,266.3468856811523,0.0014899969100952,0.3494259692055898,0.0012373924255371,-1.6105347243766346
2018/12/25,-0.0016741207800805,274.4700605604384,0.007219910621643,271.38710382249616,0.0003195669915941,0.3445835451129824,0.0030922889709472,4.299953920581629
2018/12/31,-0.0018497337587177,273.6564297146267,0.0068892836570739,272.7103416654798,1.6887982686360676e-06,0.340057158532242,2.384185791015625e-06,3.7022631054247768
2019/1/6,-0.0023753379937261,273.76944647894965,0.0065584778785705,271.48319869571264,0.0001218848758273,0.330491805397388,8.344650268554688e-05,3.9056394262895537
2019/1/12,-0.0021225744858384,273.8929189046224,0.0062320828437805,268.39964813656275,0.0011434422598944,0.3229679754003882,5.626678466796875e-05,4.561353741306789
2019/1/18,-0.0024992176331579,275.17086113823785,0.0059180557727813,271.2543089124892,0.0009911855061848,0.3212813013233244,0.0030779838562011,4.0987875604246256
2019/1/24,-0.0024503013119101,274.2998267279731,0.005600094795227,267.044638103909,0.0013557275136311,0.3213862532801512,0.0016140937805175,2.2713216123684106
2019/1/30,-0.0026334181893616,274.0996568467881,0.0052906870841979,267.5140260060628,0.0020625127686394,0.3130166386254132,0.0039253234863281,-0.7978330852837416
2019/2/5,-0.002576041733846,275.25235833062067,0.0050209760665893,272.0300866232978,0.0009626282585991,0.3804888202964018,0.0831580162048339,-0.6892747114610529
2019/2/11,-0.0038948548026382,276.13268873426654,0.0048377513885498,272.74450948503284,5.714760886298285e-05,0.3698911972395662,0.0066184997558593,-1.1553631613955986
2019/2/17,-0.0052486886270344,276.53330993652344,0.0046762228012084,272.8763903511895,1.3324949476453992e-05,0.3478168753079242,0.0,-2.748425695555852
2019/2/23,-0.0052240015938878,277.0931498209636,0.0044702887535095,272.71610397762726,0.0001837147606743,0.3236886525474902,0.0008563995361328,-1.3626249668334367
2019/3/1,-0.0060539492405951,278.2425164116753,0.0042557716369628,272.4510175916884,8.717510435316298e-05,0.2991691957124405,0.0004682540893554,-1.7346871395375274
2019/3/7,-0.0052020044531673,278.46762084960943,0.0039992332458496,272.2562425401476,0.0002633796797858,0.2985945029132482,0.0095782279968261,-1.0297069604293938
2019/3/13,-0.0073862420395016,278.8517727322049,0.0037953853607177,272.5651284323798,0.0001201364729139,0.3145198754241897,0.001601219177246,0.7543422902781458
2019/3/19,-0.0073826827574521,278.90053643120655,0.0036133527755737,271.8266053729587,0.0008313126034206,0.3107561649651163,0.0113000869750976,1.4872486404874508
2019/3/25,-0.0108415170107036,280.25481499565973,0.0034198760986328,272.35748778449164,0.0001202490594651,0.3120056503038439,0.0028033256530761,1.0766898406996006
2019/3/31,-0.0102067389525473,279.8780178493924,0.0032183527946472,273.0108625623914,0.0,0.2968338106810632,0.0003337860107421,2.9315851853862114
2019/4/6,-0.0081780038308352,281.53487820095484,0.0032628774642944,273.10657840304907,0.0005640652444627,0.3565914245943228,0.1213016510009765,3.7395269230971735
2019/4/12,-0.0112792670261114,281.8506351047092,0.0030912160873413,273.14243740505646,0.0,0.4159167525617198,0.0706691741943359,3.821984722444313
2019/4/24,-0.0260483752936124,282.59929233127167,0.0080808997154235,273.1311204698351,5.96443812052409e-05,0.3775448542760892,0.0740923881530761,4.865206800598116
2019/4/30,-0.0146166461054235,283.2182854546441,0.0051527023315429,272.9477708604601,0.0004429088698493,0.4112890715089936,0.0493884086608886,4.644275965134966
2019/5/6,-0.015864816494286,282.93917846679693,0.0067537426948547,273.04093085394965,0.0012490351994832,0.3941961494533137,0.0518555641174316,2.994216339970308
2019/5/12,-0.0133931045420467,283.08608669704864,0.0081773996353149,272.8991280661689,0.000220497449239,0.4023104030897633,0.0626230239868164,-0.3881579436836091
2019/5/18,-0.0135514957364648,282.6198221842448,0.0099787712097167,273.09161885579425,3.1563970777723524e-05,0.3885201682698809,0.0191659927368164,1.807714675368288
2019/5/24,-0.0157464167568832,285.76254611545136,0.0110050439834594,273.15888637966583,0.0,0.4088208728676869,0.0516963005065918,-4.092428976591918
2019/5/30,-0.0147646598052233,286.5916917588976,0.0125504732131958,273.15667385525177,0.0,0.4165416151647352,0.0797309875488281,-2.4265886712307747
2019/6/5,-0.0216445175465196,289.98465643988715,0.0155837535858154,273.1587490505642,0.0,0.3623040106095787,0.0089001655578613,-5.609252310615148
2019/6/11,-0.0232266597449779,291.2642076280382,0.0144397020339965,273.1481238471137,0.0,0.3581728033669707,0.0402431488037109,-5.606467897483071
2019/6/17,-0.0266262548975646,292.14316982693146,0.0128382444381713,273.1556345621745,0.0,0.3748438673404355,0.0197744369506835,-6.232487616761318
2019/6/23,-0.0231369787361472,292.19138760036896,0.0112533569335937,273.10894436306427,0.0,0.3514327545029421,0.0371789932250976,-3.0941967391102025
2019/6/29,-0.026082586729899,295.56099107530383,0.0098857879638671,273.1435139973958,0.0,0.3324272124769373,0.0001592636108398,-4.0915673826898455
2019/7/5,-0.0262475265190005,294.6868320041233,0.0086148977279663,272.9741143120659,0.0,0.3032302417430199,0.0151615142822265,-2.635571106487305
2019/7/11,-0.0200812486000359,292.9572075737848,0.0075316429138183,273.1290825737848,0.0,0.3277944762570162,0.0289430618286132,-3.029909868824916
2019/7/17,-0.0225094682537019,291.2130482991536,0.0066142082214355,273.14364793565534,0.0,0.3608263505674485,0.0285120010375976,-2.217630381320077
2019/7/23,-0.0214078081771731,293.5404340955946,0.0058015584945678,273.080805460612,0.0,0.313349582384237,0.0038390159606933,-1.677474232001714
2019/7/29,-0.0200465600937604,294.67195807562933,0.0050644874572753,272.9744991726346,0.0,0.3172879029427551,0.0333504676818847,1.1647022644160645
2019/8/4,-0.0213056982029229,293.46061537000867,0.0045256614685058,273.12015787760413,0.0,0.3608017192584359,0.0320358276367187,1.380034508118797
2019/8/10,-0.0196863783057779,294.0284389919705,0.0040562152862548,273.0727301703559,0.0,0.3473505183485232,0.0172309875488281,1.6149147238320438
2019/8/16,-0.0208408858161419,293.20649380154083,0.0036464929580688,273.0602484809028,0.0,0.3430660889587468,0.0249285697937011,4.059748260498509
2019/8/22,-0.0189980801660567,293.020258585612,0.0032892823219299,273.0799102783203,0.0,0.3294668457108653,0.0284152030944824,3.753737635510788
2019/8/28,-0.0180184675846248,292.9728461371528,0.0030036568641662,273.1350436740451,0.0,0.3717914782723205,0.0237226486206054,3.865888113702568
2019/9/3,-0.0180809621233493,292.6136576334636,0.002801775932312,273.0801476372613,0.0,0.3518698742975377,0.0132575035095214,3.8153036793041792
2019/9/9,-0.0141329793259501,288.5091891818576,0.0026652812957763,273.0823499891493,0.0,0.3783287731930613,0.0671119689941406,2.2043248423151454
2019/9/15,-0.015033412259072,289.4237297905816,0.0025825500488281,273.1515638563368,0.0,0.3554889686509139,0.0006055831909179,1.5999158885415454
2019/9/21,-0.013532685348764,289.31794908311633,0.0025233030319213,273.1375528971354,0.0,0.3616055275779217,0.0428462028503418,0.3580947378575274
2019/9/27,-0.0085478934925049,286.33961825900604,0.0025267601013183,273.0933549669054,0.0,0.3762216526342349,0.0152382850646972,2.5219748799959234
2019/10/3,-0.0108545515686273,288.626469930013,0.0025787353515625,273.143148528205,0.0,0.3597438225729598,0.0147304534912109,1.800109680443029
2019/10/9,-0.0075270899105817,284.57549370659723,0.002566635608673,273.10040791829425,0.0,0.3800263474436683,0.0283894538879394,-1.3146986577164623
2019/10/15,-0.0076317603234201,285.38290066189234,0.0025765895843505,273.1310034857856,0.0,0.3717343607503506,0.0312137603759765,-5.690452047905637
2019/10/21,-0.0064740600064396,286.24563598632807,0.0026323795318603,273.0515950520833,0.0,0.3888046089301092,0.0059437751770019,-3.4494075442344183
2019/10/27,-0.0069452452007681,285.6724361843533,0.0027345418930053,273.108893500434,0.0,0.3750492680766102,0.0069470405578613,-3.1641347052254787
2019/11/2,-0.003735288279131,283.0830213758681,0.0027917623519897,273.13493177625867,0.0,0.3760017189714643,0.0105342864990234,-1.6881614453520797
2019/11/8,-0.0036938951816409,281.6148342556424,0.0047804713249206,273.10032484266486,0.0002262989679972,0.4168279038793925,0.1080379486083984,-1.3141283880461287
2019/11/14,-0.0045907970052212,278.48458014594183,0.0061290264129638,272.0122373369005,0.0015933646096123,0.4077000833219952,0.059910774230957,3.116076784966708
2019/11/20,-0.0025816939305514,279.46653238932294,0.030482143163681,273.0790835486518,0.0057722065183851,0.4232097400818019,0.2195048332214355,1.996947884135352
2019/11/26,-0.0033578423317521,280.4366183810764,0.0459255278110504,273.07017347547736,0.0004765722486707,0.4079205482008143,0.0647382736206054,-1.0524819324771215
2019/12/2,-0.0025828487705439,278.5082261827257,0.0426554977893829,273.0084923638238,4.729297426011827e-05,0.3931090202079051,0.0265231132507324,-4.375775521198648
2019/12/8,-0.0022727830801159,275.1841820610894,0.0325932502746582,272.09222761789954,0.0,0.378855268858994,7.62939453125e-06,0.493369169636253
2019/12/14,-0.0015912014059722,275.0469055175781,0.0251172184944152,270.83409563700354,0.0032396250300937,0.3613213289063424,0.0094141960144042,1.0672890144496705
2019/12/20,-0.0006854217499494,278.21452501085065,0.0199775695800781,272.44796403249103,0.0038238962491353,0.3855702278411223,0.0387029647827148,-1.6647290056932889
2019/12/26,-0.0017354015726596,276.6132642957899,0.0171726942062377,271.7570784886678,0.0019273360570271,0.4012864441869573,0.0433912277221679,-2.954069515077663
2020/1/1,-0.0017430784646421,274.3079817030165,0.0159733295440673,272.0595764584012,0.0,0.3692774795409705,0.000920295715332,2.9040393437810508
2020/1/7,-0.001841033808887,274.67779541015625,0.0147108435630798,272.86907249026825,0.0,0.3562948575967716,0.0,4.827002214168033
2020/1/13,-0.001850449014455,274.0581749810113,0.0133779346942901,273.058115111457,0.0,0.344955096512826,0.0,9.075364258902937
2020/1/19,-0.0019416350405663,274.32779269748266,0.012066513299942,272.1014830271403,0.000354872809516,0.349831234327414,0.0104331970214843,1.6998206464033956
2020/1/25,-0.0028671456966549,274.7146521674262,0.0108466744422912,272.9016760720147,0.0,0.347435293900263,0.0001535415649414,3.306757589185736
2020/1/31,-0.0027488770429044,275.9529062906901,0.0097840130329132,271.07525751325824,0.0033334096272786,0.3484489710535854,0.00272798538208,0.1153442158479265
2020/2/6,-0.0034542377106845,275.8920084635417,0.0088604688644409,270.6948740217421,0.002008232805464,0.3558207633387711,0.0003156661987304,3.291248593630144
2020/2/12,-0.0038287537172436,276.094487508138,0.0080162286758422,272.1207702424791,0.0009817216131422,0.3315240284428,0.0007953643798828,5.733618978710183
2020/2/18,-0.0043042094912379,277.47462802463104,0.0072580575942993,272.74432341257733,4.516707526312935e-06,0.3176722031914525,0.00286865234375,0.6142273678519814
2020/2/24,-0.0050158163066953,277.68664889865454,0.0065423846244812,273.1548687616984,0.0,0.3084400469799422,0.0010890960693359,-2.0442738095307504
2020/3/1,-0.0053061288781464,277.9259897867839,0.0058881640434265,271.9683720270793,0.0002135501967536,0.2973585378430369,0.0109319686889648,-2.008413522082492
2020/3/7,-0.0054821583908051,277.33678181966144,0.0053565502166748,272.40587170918786,0.0030507180425855,0.3904116245814495,0.0733585357666015,-5.607869337913144
2020/3/13,-0.0065013852436095,279.4878217909071,0.004969835281372,273.1505960888333,0.0,0.3571750564345469,0.0060362815856933,-6.285573641794372
2020/3/19,-0.0086313737556338,279.60462443033856,0.004643440246582,273.08653259277344,1.5166070726182725e-06,0.3526227930043306,0.0063104629516601,-7.345935092229638
2020/3/25,-0.0088751527946442,278.81895446777344,0.004310131072998,271.4730627271864,0.000554535124037,0.336611954598791,0.0087299346923828,-3.116379315514905
2020/3/31,-0.0074209608137607,278.819827609592,0.0040152072906494,272.2075833214654,0.0010129080878363,0.3497690478236311,0.0242342948913574,-1.863206511267208
2020/4/6,-0.0105729002971202,278.7523447672526,0.0037343502044677,272.76920954386395,0.0,0.3257086921172837,0.0001177787780761,0.483341815933727
2020/4/12,-0.0136443672236055,283.26303270128045,0.003438115119934,273.0844150119358,0.0,0.2619727772350113,1.621246337890625e-05,-0.7088155584165179
2020/4/18,-0.0123989407438784,283.475813123915,0.0031341910362243,273.10440942976214,0.0,0.2359880292012045,0.0033507347106933,-0.618901815811796
2020/4/24,-0.0126656016800552,284.4933336046007,0.0028902292251586,273.0937686496311,0.0,0.2626241597140001,0.0096907615661621,-0.3468297366853221
2020/4/30,-0.0116961498279124,285.22305976019965,0.0026508569717407,273.1362694634332,0.0,0.2968322975664503,0.0381426811218261,1.0640273860494744
2020/5/6,-0.0145544791594147,285.05188835991754,0.0024746656417846,273.1380649142795,0.0,0.3394409956462267,0.0141234397888183,-0.2592007963280593
2020/5/12,-0.0153346261940896,286.5440470377604,0.0023051500320434,273.1356597476536,0.0,0.3189503959017909,0.0342555046081543,0.3288871908184774
2020/5/18,-0.0170803705696016,287.82583618164057,0.0021498203277587,273.135969373915,0.0,0.3956199928911196,0.0568714141845703,-0.2786280432151216
2020/5/24,-0.0198446330614388,289.706549750434,0.0020311474800109,273.1530236138238,0.0,0.3842715121960888,0.0301799774169921,5.313989928267802
2020/5/30,-0.019887572620064,287.135002983941,0.0019130706787109,273.12465243869354,0.0,0.3396453017938054,0.0113782882690429,2.298569266719824
2020/6/5,-0.0166133255697786,287.6888258192274,0.0018028020858764,273.10672675238715,0.0,0.3463601331071307,0.0540132522583007,3.119877289868328
2020/6/11,-0.0178472360130399,288.0011766221788,0.0019954442977905,273.14354621039496,0.0,0.4151589601662837,0.1107802391052246,1.8941264619870708
2020/6/17,-0.019638541387394,289.2278188069661,0.0017969608306884,273.1412455240885,0.0,0.4057744175143953,0.0536575317382812,2.4284628724676622
2020/6/23,-0.0246701503638178,290.37112596299914,0.0019812583923339,273.1312493218316,0.0,0.3676574044446978,0.0051679611206054,0.9066937565398804
2020/6/29,-0.0204007877036929,292.26226976182727,0.002016544342041,273.1331617567275,0.0,0.335831514118278,0.0113172531127929,-0.5185781847612816
2020/7/5,-0.0220468484330922,292.8357120090061,0.0019702911376953,273.0939042833116,0.0,0.3469116275147017,0.0267419815063476,-0.7764953535952372
2020/7/11,-0.0244999246206134,292.55323961046,0.0019125938415527,273.11543613009985,0.0,0.3077437943623712,0.0282139778137207,-0.5354520444020636
2020/7/17,-0.0211850998457521,290.6054229736328,0.0018172264099121,273.1322597927517,0.0,0.3449582021114312,0.0295271873474121,-3.094793334177212
2020/7/23,-0.0224899910390377,292.27687072753906,0.0017557144165039,273.0612165662977,0.0,0.3479827249215708,0.0204501152038574,-3.0981583915308875
2020/7/29,-0.0212648450396955,292.75492011176215,0.0016738176345825,273.0314602322049,0.0,0.3473688193803859,0.0097475051879882,-2.8421332483831065
2020/8/4,-0.0212796726264059,294.1524675157335,0.0015982389450073,272.98900519477,0.0,0.3542480489963458,0.0507855415344238,-1.0665612686216264
2020/8/10,-0.0225843109656125,293.2571529812284,0.0015444755554199,273.1059451633029,0.0,0.3477321092763709,0.0008673667907714,-3.903472236377638
2020/8/16,-0.0205090122763067,293.6348368326823,0.0014855861663818,273.0724792480469,0.0,0.3554448005484624,0.0252618789672851,-3.4102767629501614
2020/8/22,-0.0196749567985534,293.1277025010851,0.0014328956604003,273.0883975558811,0.0,0.347128452733159,0.0138044357299804,-2.671438046762887
2020/8/28,-0.0166316705290228,292.0672149658203,0.0013872385025024,273.0610741509331,0.0,0.3415081841715922,0.0236592292785644,-0.6388717085947064
2020/9/3,-0.0148997309152036,289.76481119791663,0.0032397508621215,273.0554707845052,0.0,0.4107843662042998,0.1653780937194824,-0.4333775383352076
2020/9/9,-0.0157056916505098,290.2658521864149,0.0016607046127319,273.11598714192706,0.0,0.3821502190031525,0.0134868621826171,2.864531876827641
2020/9/15,-0.0161758379545062,291.270256890191,0.0018942356109619,273.11443583170575,0.0,0.3490654298156085,0.0040216445922851,3.269218176209506
2020/9/21,-0.0135210352018475,290.2030147976346,0.0020171403884887,273.10714891221784,0.0,0.3179920204323328,0.0070266723632812,2.746666616304537
2020/9/27,-0.0107286155689507,287.2149522569444,0.003318428993225,273.1527049806383,0.0,0.4043148097375201,0.0877685546875,4.409876076484579
2020/10/3,-0.0080895337741822,285.19230482313367,0.0040591955184936,273.1368679470486,0.0,0.3925629960010863,0.0749039649963378,4.36581664288542
2020/10/9,-0.009377664886415,284.36629909939234,0.0051687359809875,273.1285468207465,0.0,0.392081395515965,0.0332551002502441,2.789349506108465
2020/10/15,-0.0081570353358984,281.3044942220052,0.0069421529769897,272.5017547607422,0.0007960465219285,0.4017823751136246,0.0945558547973632,3.2144177806208063
2020/10/21,-0.0064014485105872,281.23174031575525,0.0110629796981811,273.1114532682631,0.0,0.3855873980404188,0.004852294921875,-0.2269811254968772
2020/10/27,-0.0055507966317236,283.8470560709636,0.0127551555633544,273.09290568033856,0.0,0.3835006447819372,0.0507111549377441,0.3511397158113141
2020/11/2,-0.0049476025160402,281.0978088378907,0.0129010677337646,273.0647735595704,0.0,0.377061374614843,8.487701416015625e-05,-0.5492255363064942
2020/11/8,-0.0041736103594303,282.1071285671658,0.0127092599868774,273.1146969265408,0.0,0.3547501289027019,0.0014166831970214,-1.7436062838150974
2020/11/14,-0.0032751515973359,279.5367024739583,0.0120324492454528,273.0933312310113,0.0,0.3406527627569933,8.058547973632812e-05,-0.4032856675034963
2020/11/20,-0.00382398837246,278.986082288954,0.0111612081527709,273.06741460164386,0.0,0.3490878333751526,0.0058488845825195,1.4441336835843686
2020/11/26,-0.003100938629359,274.94895426432294,0.010221242904663,272.8663756052653,0.0,0.3384681088953382,0.0,2.07407282105396
2020/12/2,-0.0018575475551187,274.4299621582031,0.0093448162078857,272.1945924758911,0.0007756087515089,0.3312898942838526,0.0148177146911621,-5.542733982830214
2020/12/8,0.0002803681418299,275.5569712320963,0.0104358196258544,272.2191203435262,0.0216864943504333,0.4042423869379692,0.2150683403015136,-5.086571713458397
2020/12/14,-0.0007784315384924,275.52870008680554,0.0179570317268371,270.09181806776263,0.0416271355417039,0.3933584465283073,0.0252938270568847,-1.2543538326281125
2020/12/20,-0.0007623743731528,276.3057132297092,0.0190427005290985,271.39088853200275,0.0376991629600524,0.3734743449733488,0.0009980201721191,-3.812904295089084
2020/12/26,-0.0012766397558152,277.0230000813802,0.017327606678009,271.84799533420136,0.0370176235834757,0.3848046764679667,0.0073986053466796,-3.442571213483916
2021/1/1,-0.0008088063914328,274.50522867838544,0.0154117941856384,268.46187538570825,0.0468810002009073,0.3745046493907769,0.0573863983154296,-4.735611497849732
2021/1/7,-0.0004740084987133,275.49716016981336,0.013888657093048,271.0122613906861,0.0737382968266805,0.3938114056363702,0.0523014068603515,-1.3743089354179574
2021/1/13,-0.001136373495683,274.20671081542963,0.0132254362106323,264.37158966064453,0.0741520126660664,0.369649304723781,3.8623809814453125e-05,4.046327131270118
2021/1/19,-0.0011747875250875,273.256832546658,0.0124513506889343,266.3968375523885,0.0712393522262573,0.367236656240291,0.0013279914855957,6.828890533608501
2021/1/25,-0.0008341097272932,274.1967993842231,0.0117595195770263,270.6239012612237,0.0743956300947401,0.3971838192082941,0.06510591506958,9.951831110382043
2021/1/31,-0.0010937743354588,273.2766452365452,0.0115108489990234,269.19188107384576,0.106732083691491,0.390092110623502,0.0109224319458007,2.349714579675492
2021/2/6,-3.02945263683796e-05,273.6982659233941,0.011905550956726,272.5536092122396,0.1580513914426168,0.4010346923799564,0.0006656646728515,-0.8442684996698517
2021/2/12,-0.0016195892821997,274.06451246473523,0.0208278894424438,272.39645173814563,0.143874016073015,0.4143053049532075,0.0514760017395019,-3.488970728208187
2021/2/18,-0.0032519793603569,274.55398220486114,0.0257375836372375,269.03428067101373,0.1269584695498148,0.3748770117656224,0.0001497268676757,-0.6636939181566959
2021/2/24,-0.0036343177780508,277.5606740315755,0.0218795537948608,272.9524671766493,0.1285045213169521,0.3892526033127474,0.0001406669616699,-1.6881955654444027
2021/3/2,-0.0059459588956087,278.19870334201386,0.0178285837173461,273.07496982150604,0.1225036316447787,0.366763624880049,0.0001811981201171,-3.472299731001385
2021/3/8,-0.0056144879199564,277.2372402615017,0.0146679878234863,272.66916190253363,0.1273955305417378,0.3653901436935282,0.0121138095855712,-1.3261825498771032
2021/3/14,-0.0061875565443187,277.45975579155817,0.0124182701110839,273.049801296658,0.1250870823860168,0.3559729859957264,0.0029749870300292,-0.7507958147807585
2021/3/20,-0.0086727668531239,276.41695827907984,0.0106717646121978,271.4714845021566,0.1164880262480841,0.3458098578266799,0.008002758026123,1.2017695770978207
2021/3/26,-0.0080618397332727,277.1920471191406,0.0092947483062744,272.410952674018,0.1016185349888271,0.326974887581956,0.0001773834228515,1.5503738281304322
2021/4/1,-0.0082711959257721,280.78143649631085,0.0083540976047515,273.06488715277777,0.0709603230158488,0.3197566410785334,0.0018796920776367,-0.9505187967715756
2021/4/7,-0.0089210052974522,279.18788486056854,0.0091327428817749,272.0474812189738,0.0259622534116109,0.3078713008564793,0.0068030357360839,-1.6095063066850344
2021/4/13,-0.0080292783677577,278.4194929334852,0.009316861629486,272.2406251695421,0.0067321790589226,0.3509670440624985,0.053992748260498,0.108706461667225
2021/4/19,-0.0120886566583067,278.510252210829,0.0092533826828002,272.0868059794108,7.377730475531684e-05,0.364143898167337,0.0088706016540527,1.4909328402477513
2021/4/25,-0.0138076737057417,282.2243974473741,0.0086288154125213,273.1220126681858,0.0,0.3392091731366236,0.0060653686523437,3.1490308099741924
2021/5/1,-0.0101555199362337,283.73386806911896,0.0078999400138854,273.1508568657769,0.0,0.3465909583028406,0.0458049774169921,3.486213232793034
2021/5/7,-0.0152248032391071,284.4128570556641,0.0071891546249389,273.15777079264325,0.0,0.3805293424261941,0.0158886909484863,4.485251939323007
2021/5/13,-0.0151947834528982,285.33807542588977,0.0064531564712524,273.1494530571832,0.0,0.3739757265688644,0.0784692764282226,2.9489283770981274
2021/5/19,-0.0173962169792503,284.8872409396701,0.0058436393737792,273.1319088406032,0.0,0.4019395555110855,0.0389761924743652,2.181541255105458
2021/5/25,-0.0159383721183985,285.2762976752387,0.0053725242614746,273.14373609754773,0.0,0.3876074772172918,0.0366668701171875,1.449551185580276
2021/5/31,-0.017810792196542,286.38900417751734,0.0050644874572753,273.14239904615613,0.0,0.3818799867036028,0.0122246742248535,-0.907477889110396
2021/6/6,-0.0193636631593108,288.72147284613715,0.004783272743225,273.1424628363715,0.0,0.3430978315882385,0.0151581764221191,0.522805050662555
2021/6/12,-0.0214107930660247,290.0060865614149,0.004474401473999,273.0987820095486,0.0,0.3701787896506074,0.0293030738830566,1.805456508576753
2021/6/18,-0.0218424932099878,292.36662292480474,0.0041429996490478,273.13142564561633,0.0,0.3225440400031706,0.005810260772705,-0.2548853782018341
2021/6/24,-0.0250807220581918,293.85023328993054,0.0038222074508666,273.09485880533856,0.0,0.2750956391812199,0.0025157928466796,-1.0219722938327322
2021/6/30,-0.0216853327583521,292.71625264485675,0.0034816265106201,273.07465955946185,0.0,0.2394402922752002,0.0134778022766113,-3.4677088111566263
2021/7/6,-0.0205583455972373,291.79259406195746,0.003150999546051,273.11335245768225,0.0,0.3386096231535904,0.0485877990722656,-3.0698338800002603
2021/7/12,-0.0241956645622849,293.12184651692706,0.002876877784729,273.105960422092,0.0,0.3565415877641903,0.0467839241027832,-2.135203638153598
2021/7/18,-0.0195094316732138,291.0697258843316,0.0026679039001464,273.1300320095486,0.0,0.3920491294831865,0.0578231811523437,-0.9577950018306184
2021/7/24,-0.0215226742438972,293.4366980658637,0.0025008916854858,273.15509711371527,0.0,0.3560527241788804,0.0255403518676757,-1.587502489801409
2021/7/30,-0.0203735549002885,292.29766506618927,0.0023998022079467,273.0687764485677,0.0,0.3923510872490523,0.0660643577575683,-2.3064729669622466
2021/8/5,-0.0198517101816833,291.4334937201606,0.0024315118789672,273.135984632704,0.0,0.3950413594850235,0.0713825225830078,-3.6315763065567808
2021/8/11,-0.0216650860384106,292.30505710177954,0.0022120475769042,273.1081034342448,0.0,0.3799504629957179,0.0143952369689941,-6.63502536561964
2021/8/17,-0.023111826274544,294.3630998399522,0.0021500587463378,273.07606336805554,0.0,0.320880292656107,0.007145881652832,-9.06211849211286
2021/8/23,-0.0171745708212256,291.6035851372613,0.0020549297332763,273.07416449652777,0.0,0.3024587021096118,0.0158796310424804,-9.451168944960957
2021/8/29,-0.0168543143663555,289.2840169270833,0.0019773244857788,273.09734598795575,0.0,0.3350255283164896,0.0143489837646484,-6.893925656472675
2021/9/4,-0.0155810513533651,288.6720275878906,0.0018918514251708,273.0979461669922,0.0,0.3393319455078907,0.0082254409790039,-7.176739516519774
2021/9/10,-0.0157947759144008,288.9914957682292,0.0018224716186523,273.0845981174045,0.0,0.285517893343543,0.0007987022399902,-6.020036368258388
2021/9/16,-0.0117225195281207,289.80372958713104,0.0017261505126953,273.08595275878906,0.0,0.2764829665732881,0.01377534866333,-3.851077545948101
2021/9/22,-0.0119230735581368,288.8797200520833,0.0016579627990722,273.1261579725478,0.0,0.370626527174156,0.0235753059387207,-1.3962408531874644
2021/9/28,-0.0107286481652408,288.3462812635634,0.001598834991455,273.07159593370227,0.0,0.3404381551986767,0.0062017440795898,0.5616126508803063
2021/10/4,-0.0087903663516044,287.1979471842448,0.0015528798103332,273.12689887152777,0.0,0.3392925488814297,0.0290775299072265,2.3255082097448394
2021/10/10,-0.0092424859758466,284.9646216498481,0.0015437602996826,273.1060846116808,0.0,0.3983685518356246,0.0700459480285644,5.6490668425508375
2021/10/16,-0.0080388952046632,280.97811211480035,0.0015566349029541,273.03807565901013,0.0,0.3576362605672329,0.0028300285339355,8.144120597432448
2021/10/22,-0.0056444886140525,282.30039978027344,0.0015867352485656,273.02292717827686,0.0,0.3351702301297337,0.0005807876586914,9.216642054258957
2021/10/28,-0.0059403697960078,280.23136054144965,0.001616895198822,273.0204513337877,0.0,0.3215283120516688,0.0001163482666015,11.890877751948665
2021/11/3,-0.0042509478516876,280.2536841498481,0.0016553997993469,273.1153695848253,0.0,0.3513393194362935,0.0738472938537597,16.155902513504316
2021/11/9,-0.0046144931111484,278.47385152180993,0.0020748376846313,273.11927869584827,0.0,0.3946431920501507,0.0231070518493652,19.15855431373393
2021/11/15,-0.0034356545656919,281.0963948567708,0.0021069645881652,273.1455874972873,0.0,0.3879982784080009,0.0438275337219238,22.6682857571218
2021/11/21,-0.0033040393609553,279.96883307562933,0.0025874972343444,273.0653653674655,0.0,0.3932163517715203,0.0122890472412109,25.424782706049427
2021/11/27,-0.0027722246013581,277.6729414198134,0.0031589269638061,273.1224988301595,0.0001301235622829,0.3780273683886561,0.017796516418457,22.787029928676475
2021/12/3,-0.0031454262789338,276.0585344102647,0.0035178661346435,270.0464538998074,0.002026981777615,0.3879475550105174,0.0180025100708007,13.889738666371612
2021/12/9,-0.002105547580868,275.0528564453125,0.0037638247013092,270.46905210283063,0.0038507117165459,0.3715640666842874,0.0264983177185058,-3.124010907369666
2021/12/15,-0.002291101263836,275.4627685546876,0.0039083957672119,271.2759358088176,0.0010784533288743,0.360989416975321,0.0010738372802734,-12.965395211217585
2021/12/21,-0.0016465608496218,274.2110273573134,0.0039337873458862,271.0015017191569,0.0038396186298794,0.3518380320165306,0.0015268325805664,-25.155334441302784
